{"cameraMode":{"drawMode":0,"name":"Shaded","section":"Shading Mode"},"sceneLighting":true,"audioPlay":false,"sceneViewState":{"showFog":true,"showMaterialUpdate":false,"showSkybox":true,"showFlares":true,"showImageEffects":true,"showParticleSystems":true},"in2DMode":false,"pivot":{"x":-33.7478141784668,"y":1.6412715911865235,"z":45.331947326660159},"rotation":{"x":0.14083880186080934,"y":-0.0074307615868747238,"z":0.0010661811102181674,"w":0.9900234937667847},"size":59.42930603027344,"orthographic":false}