{"cameraMode":{"drawMode":0,"name":"Shaded","section":"Shading Mode"},"sceneLighting":true,"audioPlay":false,"sceneViewState":{"showFog":true,"showMaterialUpdate":false,"showSkybox":true,"showFlares":true,"showImageEffects":true,"showParticleSystems":true},"in2DMode":false,"pivot":{"x":82.4983901977539,"y":5.748508453369141,"z":-54.91300582885742},"rotation":{"x":0.01091773435473442,"y":0.9389956593513489,"z":-0.029872693121433259,"w":0.3425484895706177},"size":125.67945098876953,"orthographic":false}