{"cameraMode":{"drawMode":0,"name":"Shaded","section":"Shading Mode"},"sceneLighting":true,"audioPlay":false,"sceneViewState":{"showFog":true,"showMaterialUpdate":false,"showSkybox":true,"showFlares":true,"showImageEffects":true,"showParticleSystems":true},"in2DMode":false,"pivot":{"x":-8.965385437011719,"y":62.53526306152344,"z":6.591636657714844},"rotation":{"x":0.18337412178516389,"y":0.7551751732826233,"z":-0.2375841736793518,"w":0.5828350782394409},"size":97.18689727783203,"orthographic":false}